{"cameraMode":{"drawMode":0,"name":"Shaded","section":"Shading Mode"},"sceneLighting":true,"audioPlay":false,"sceneViewState":{"m_AlwaysRefresh":false,"showFog":true,"showSkybox":true,"showFlares":true,"showImageEffects":true,"showParticleSystems":true,"showVisualEffectGraphs":true,"m_FxEnabled":true},"in2DMode":false,"pivot":{"x":0.8450511693954468,"y":-9.12042236328125,"z":20.723663330078126},"rotation":{"x":-0.5052452087402344,"y":0.019934430718421937,"z":-0.01166552398353815,"w":-0.8626912236213684},"size":24.411785125732423,"orthographic":false}